id,county,winner,winner_margin,wmargin,votes_sqmi,total_votes,votes_obj
"10",Carver,R,"5.88",-5.88,,"54214","[ { ""name"": ""Scott Jensen and Matt Birk"", ""votes"": 28078, ""votes_pct"": 51.790000, ""party"": ""R"" }, { ""name"": ""Tim Walz and Peggy Flanagan"", ""votes"": 24888, ""votes_pct"": 45.910000, ""party"": ""DFL"" }, { ""name"": ""James McCaskel and David Sandbeck"", ""votes"": 391, ""votes_pct"": 0.720000, ""party"": ""LMN"" }, { ""name"": ""Steve Patterson and Matt Huff"", ""votes"": 381, ""votes_pct"": 0.700000, ""party"": ""GLC"" }, { ""name"": ""Hugh McTavish and Mike Winter"", ""votes"": 377, ""votes_pct"": 0.700000, ""party"": ""IA"" }, { ""name"": ""Gabrielle M. Prosser and Kevin A. Dwire"", ""votes"": 74, ""votes_pct"": 0.140000, ""party"": ""SWP"" }, { ""name"": ""WRITE-IN"", ""votes"": 25, ""votes_pct"": 0.050000, ""party"": ""WI"" } ]"
"11",Cass,R,"29.94",-29.94,,"15217","[ { ""name"": ""Scott Jensen and Matt Birk"", ""votes"": 9626, ""votes_pct"": 63.260000, ""party"": ""R"" }, { ""name"": ""Tim Walz and Peggy Flanagan"", ""votes"": 5071, ""votes_pct"": 33.320000, ""party"": ""DFL"" }, { ""name"": ""James McCaskel and David Sandbeck"", ""votes"": 220, ""votes_pct"": 1.450000, ""party"": ""LMN"" }, { ""name"": ""Steve Patterson and Matt Huff"", ""votes"": 168, ""votes_pct"": 1.100000, ""party"": ""GLC"" }, { ""name"": ""Hugh McTavish and Mike Winter"", ""votes"": 108, ""votes_pct"": 0.710000, ""party"": ""IA"" }, { ""name"": ""Gabrielle M. Prosser and Kevin A. Dwire"", ""votes"": 22, ""votes_pct"": 0.140000, ""party"": ""SWP"" }, { ""name"": ""WRITE-IN"", ""votes"": 2, ""votes_pct"": 0.010000, ""party"": ""WI"" } ]"
"12",Chippewa,R,"29.18",-29.18,,"4930","[ { ""name"": ""Scott Jensen and Matt Birk"", ""votes"": 3115, ""votes_pct"": 63.180000, ""party"": ""R"" }, { ""name"": ""Tim Walz and Peggy Flanagan"", ""votes"": 1676, ""votes_pct"": 34, ""party"": ""DFL"" }, { ""name"": ""Steve Patterson and Matt Huff"", ""votes"": 48, ""votes_pct"": 0.970000, ""party"": ""GLC"" }, { ""name"": ""Hugh McTavish and Mike Winter"", ""votes"": 42, ""votes_pct"": 0.850000, ""party"": ""IA"" }, { ""name"": ""James McCaskel and David Sandbeck"", ""votes"": 40, ""votes_pct"": 0.810000, ""party"": ""LMN"" }, { ""name"": ""Gabrielle M. Prosser and Kevin A. Dwire"", ""votes"": 7, ""votes_pct"": 0.140000, ""party"": ""SWP"" }, { ""name"": ""WRITE-IN"", ""votes"": 2, ""votes_pct"": 0.040000, ""party"": ""WI"" } ]"
"13",Chisago,R,"24.39",-24.39,,"25924","[ { ""name"": ""Scott Jensen and Matt Birk"", ""votes"": 15646, ""votes_pct"": 60.350000, ""party"": ""R"" }, { ""name"": ""Tim Walz and Peggy Flanagan"", ""votes"": 9321, ""votes_pct"": 35.960000, ""party"": ""DFL"" }, { ""name"": ""Steve Patterson and Matt Huff"", ""votes"": 371, ""votes_pct"": 1.430000, ""party"": ""GLC"" }, { ""name"": ""James McCaskel and David Sandbeck"", ""votes"": 332, ""votes_pct"": 1.280000, ""party"": ""LMN"" }, { ""name"": ""Hugh McTavish and Mike Winter"", ""votes"": 202, ""votes_pct"": 0.780000, ""party"": ""IA"" }, { ""name"": ""Gabrielle M. Prosser and Kevin A. Dwire"", ""votes"": 48, ""votes_pct"": 0.190000, ""party"": ""SWP"" }, { ""name"": ""WRITE-IN"", ""votes"": 4, ""votes_pct"": 0.020000, ""party"": ""WI"" } ]"
"14",Clay,DFL,"4.22",4.22,,"22241","[ { ""name"": ""Tim Walz and Peggy Flanagan"", ""votes"": 11139, ""votes_pct"": 50.080000, ""party"": ""DFL"" }, { ""name"": ""Scott Jensen and Matt Birk"", ""votes"": 10199, ""votes_pct"": 45.860000, ""party"": ""R"" }, { ""name"": ""James McCaskel and David Sandbeck"", ""votes"": 402, ""votes_pct"": 1.810000, ""party"": ""LMN"" }, { ""name"": ""Steve Patterson and Matt Huff"", ""votes"": 220, ""votes_pct"": 0.990000, ""party"": ""GLC"" }, { ""name"": ""Hugh McTavish and Mike Winter"", ""votes"": 185, ""votes_pct"": 0.830000, ""party"": ""IA"" }, { ""name"": ""Gabrielle M. Prosser and Kevin A. Dwire"", ""votes"": 89, ""votes_pct"": 0.400000, ""party"": ""SWP"" }, { ""name"": ""WRITE-IN"", ""votes"": 7, ""votes_pct"": 0.030000, ""party"": ""WI"" } ]"
"15",Clearwater,R,"46.83",-46.83,,"3568","[ { ""name"": ""Scott Jensen and Matt Birk"", ""votes"": 2550, ""votes_pct"": 71.470000, ""party"": ""R"" }, { ""name"": ""Tim Walz and Peggy Flanagan"", ""votes"": 879, ""votes_pct"": 24.640000, ""party"": ""DFL"" }, { ""name"": ""James McCaskel and David Sandbeck"", ""votes"": 51, ""votes_pct"": 1.430000, ""party"": ""LMN"" }, { ""name"": ""Steve Patterson and Matt Huff"", ""votes"": 48, ""votes_pct"": 1.350000, ""party"": ""GLC"" }, { ""name"": ""Hugh McTavish and Mike Winter"", ""votes"": 30, ""votes_pct"": 0.840000, ""party"": ""IA"" }, { ""name"": ""Gabrielle M. Prosser and Kevin A. Dwire"", ""votes"": 7, ""votes_pct"": 0.200000, ""party"": ""SWP"" }, { ""name"": ""WRITE-IN"", ""votes"": 3, ""votes_pct"": 0.080000, ""party"": ""WI"" } ]"
"16",Cook,DFL,"37.66",37.66,,"3221","[ { ""name"": ""Tim Walz and Peggy Flanagan"", ""votes"": 2171, ""votes_pct"": 67.400000, ""party"": ""DFL"" }, { ""name"": ""Scott Jensen and Matt Birk"", ""votes"": 958, ""votes_pct"": 29.740000, ""party"": ""R"" }, { ""name"": ""Steve Patterson and Matt Huff"", ""votes"": 28, ""votes_pct"": 0.870000, ""party"": ""GLC"" }, { ""name"": ""Hugh McTavish and Mike Winter"", ""votes"": 28, ""votes_pct"": 0.870000, ""party"": ""IA"" }, { ""name"": ""James McCaskel and David Sandbeck"", ""votes"": 27, ""votes_pct"": 0.840000, ""party"": ""LMN"" }, { ""name"": ""Gabrielle M. Prosser and Kevin A. Dwire"", ""votes"": 7, ""votes_pct"": 0.220000, ""party"": ""SWP"" }, { ""name"": ""WRITE-IN"", ""votes"": 2, ""votes_pct"": 0.060000, ""party"": ""WI"" } ]"
"17",Cottonwood,R,"37.32",-37.32,,"4619","[ { ""name"": ""Scott Jensen and Matt Birk"", ""votes"": 3087, ""votes_pct"": 66.830000, ""party"": ""R"" }, { ""name"": ""Tim Walz and Peggy Flanagan"", ""votes"": 1363, ""votes_pct"": 29.510000, ""party"": ""DFL"" }, { ""name"": ""James McCaskel and David Sandbeck"", ""votes"": 62, ""votes_pct"": 1.340000, ""party"": ""LMN"" }, { ""name"": ""Hugh McTavish and Mike Winter"", ""votes"": 49, ""votes_pct"": 1.060000, ""party"": ""IA"" }, { ""name"": ""Steve Patterson and Matt Huff"", ""votes"": 47, ""votes_pct"": 1.020000, ""party"": ""GLC"" }, { ""name"": ""Gabrielle M. Prosser and Kevin A. Dwire"", ""votes"": 11, ""votes_pct"": 0.240000, ""party"": ""SWP"" }, { ""name"": ""WRITE-IN"", ""votes"": 0, ""votes_pct"": 0, ""party"": ""WI"" } ]"
"18",Crow Wing,R,"26.95",-26.95,,"32654","[ { ""name"": ""Scott Jensen and Matt Birk"", ""votes"": 20186, ""votes_pct"": 61.820000, ""party"": ""R"" }, { ""name"": ""Tim Walz and Peggy Flanagan"", ""votes"": 11388, ""votes_pct"": 34.870000, ""party"": ""DFL"" }, { ""name"": ""James McCaskel and David Sandbeck"", ""votes"": 459, ""votes_pct"": 1.410000, ""party"": ""LMN"" }, { ""name"": ""Steve Patterson and Matt Huff"", ""votes"": 324, ""votes_pct"": 0.990000, ""party"": ""GLC"" }, { ""name"": ""Hugh McTavish and Mike Winter"", ""votes"": 246, ""votes_pct"": 0.750000, ""party"": ""IA"" }, { ""name"": ""Gabrielle M. Prosser and Kevin A. Dwire"", ""votes"": 41, ""votes_pct"": 0.130000, ""party"": ""SWP"" }, { ""name"": ""WRITE-IN"", ""votes"": 10, ""votes_pct"": 0.030000, ""party"": ""WI"" } ]"
"19",Dakota,DFL,"14.35",14.35,,"200617","[ { ""name"": ""Tim Walz and Peggy Flanagan"", ""votes"": 112005, ""votes_pct"": 55.830000, ""party"": ""DFL"" }, { ""name"": ""Scott Jensen and Matt Birk"", ""votes"": 83222, ""votes_pct"": 41.480000, ""party"": ""R"" }, { ""name"": ""James McCaskel and David Sandbeck"", ""votes"": 2061, ""votes_pct"": 1.030000, ""party"": ""LMN"" }, { ""name"": ""Steve Patterson and Matt Huff"", ""votes"": 1431, ""votes_pct"": 0.710000, ""party"": ""GLC"" }, { ""name"": ""Hugh McTavish and Mike Winter"", ""votes"": 1365, ""votes_pct"": 0.680000, ""party"": ""IA"" }, { ""name"": ""Gabrielle M. Prosser and Kevin A. Dwire"", ""votes"": 451, ""votes_pct"": 0.220000, ""party"": ""SWP"" }, { ""name"": ""WRITE-IN"", ""votes"": 82, ""votes_pct"": 0.040000, ""party"": ""WI"" } ]"
"20",Dodge,R,"27.86",-27.86,,"9356","[ { ""name"": ""Scott Jensen and Matt Birk"", ""votes"": 5833, ""votes_pct"": 62.350000, ""party"": ""R"" }, { ""name"": ""Tim Walz and Peggy Flanagan"", ""votes"": 3227, ""votes_pct"": 34.490000, ""party"": ""DFL"" }, { ""name"": ""Steve Patterson and Matt Huff"", ""votes"": 94, ""votes_pct"": 1, ""party"": ""GLC"" }, { ""name"": ""Hugh McTavish and Mike Winter"", ""votes"": 88, ""votes_pct"": 0.940000, ""party"": ""IA"" }, { ""name"": ""James McCaskel and David Sandbeck"", ""votes"": 83, ""votes_pct"": 0.890000, ""party"": ""LMN"" }, { ""name"": ""Gabrielle M. Prosser and Kevin A. Dwire"", ""votes"": 22, ""votes_pct"": 0.240000, ""party"": ""SWP"" }, { ""name"": ""WRITE-IN"", ""votes"": 9, ""votes_pct"": 0.100000, ""party"": ""WI"" } ]"
"21",Douglas,R,"32.67",-32.67,,"19710","[ { ""name"": ""Scott Jensen and Matt Birk"", ""votes"": 12797, ""votes_pct"": 64.930000, ""party"": ""R"" }, { ""name"": ""Tim Walz and Peggy Flanagan"", ""votes"": 6358, ""votes_pct"": 32.260000, ""party"": ""DFL"" }, { ""name"": ""James McCaskel and David Sandbeck"", ""votes"": 201, ""votes_pct"": 1.020000, ""party"": ""LMN"" }, { ""name"": ""Steve Patterson and Matt Huff"", ""votes"": 164, ""votes_pct"": 0.830000, ""party"": ""GLC"" }, { ""name"": ""Hugh McTavish and Mike Winter"", ""votes"": 161, ""votes_pct"": 0.820000, ""party"": ""IA"" }, { ""name"": ""Gabrielle M. Prosser and Kevin A. Dwire"", ""votes"": 23, ""votes_pct"": 0.120000, ""party"": ""SWP"" }, { ""name"": ""WRITE-IN"", ""votes"": 6, ""votes_pct"": 0.030000, ""party"": ""WI"" } ]"
"22",Faribault,R,"30.62",-30.62,,"6028","[ { ""name"": ""Scott Jensen and Matt Birk"", ""votes"": 3846, ""votes_pct"": 63.800000, ""party"": ""R"" }, { ""name"": ""Tim Walz and Peggy Flanagan"", ""votes"": 2000, ""votes_pct"": 33.180000, ""party"": ""DFL"" }, { ""name"": ""James McCaskel and David Sandbeck"", ""votes"": 67, ""votes_pct"": 1.110000, ""party"": ""LMN"" }, { ""name"": ""Hugh McTavish and Mike Winter"", ""votes"": 53, ""votes_pct"": 0.880000, ""party"": ""IA"" }, { ""name"": ""Steve Patterson and Matt Huff"", ""votes"": 52, ""votes_pct"": 0.860000, ""party"": ""GLC"" }, { ""name"": ""Gabrielle M. Prosser and Kevin A. Dwire"", ""votes"": 8, ""votes_pct"": 0.130000, ""party"": ""SWP"" }, { ""name"": ""WRITE-IN"", ""votes"": 2, ""votes_pct"": 0.030000, ""party"": ""WI"" } ]"
"23",Fillmore,R,"17.08",-17.08,,"9501","[ { ""name"": ""Scott Jensen and Matt Birk"", ""votes"": 5432, ""votes_pct"": 57.170000, ""party"": ""R"" }, { ""name"": ""Tim Walz and Peggy Flanagan"", ""votes"": 3809, ""votes_pct"": 40.090000, ""party"": ""DFL"" }, { ""name"": ""Steve Patterson and Matt Huff"", ""votes"": 89, ""votes_pct"": 0.940000, ""party"": ""GLC"" }, { ""name"": ""James McCaskel and David Sandbeck"", ""votes"": 86, ""votes_pct"": 0.910000, ""party"": ""LMN"" }, { ""name"": ""Hugh McTavish and Mike Winter"", ""votes"": 68, ""votes_pct"": 0.720000, ""party"": ""IA"" }, { ""name"": ""Gabrielle M. Prosser and Kevin A. Dwire"", ""votes"": 16, ""votes_pct"": 0.170000, ""party"": ""SWP"" }, { ""name"": ""WRITE-IN"", ""votes"": 1, ""votes_pct"": 0.010000, ""party"": ""WI"" } ]"
"24",Freeborn,R,"14.67",-14.67,,"13034","[ { ""name"": ""Scott Jensen and Matt Birk"", ""votes"": 7262, ""votes_pct"": 55.720000, ""party"": ""R"" }, { ""name"": ""Tim Walz and Peggy Flanagan"", ""votes"": 5350, ""votes_pct"": 41.050000, ""party"": ""DFL"" }, { ""name"": ""James McCaskel and David Sandbeck"", ""votes"": 171, ""votes_pct"": 1.310000, ""party"": ""LMN"" }, { ""name"": ""Steve Patterson and Matt Huff"", ""votes"": 137, ""votes_pct"": 1.050000, ""party"": ""GLC"" }, { ""name"": ""Hugh McTavish and Mike Winter"", ""votes"": 98, ""votes_pct"": 0.750000, ""party"": ""IA"" }, { ""name"": ""Gabrielle M. Prosser and Kevin A. Dwire"", ""votes"": 15, ""votes_pct"": 0.120000, ""party"": ""SWP"" }, { ""name"": ""WRITE-IN"", ""votes"": 1, ""votes_pct"": 0.010000, ""party"": ""WI"" } ]"
"25",Goodhue,R,"10.68",-10.68,,"23103","[ { ""name"": ""Scott Jensen and Matt Birk"", ""votes"": 12407, ""votes_pct"": 53.700000, ""party"": ""R"" }, { ""name"": ""Tim Walz and Peggy Flanagan"", ""votes"": 9939, ""votes_pct"": 43.020000, ""party"": ""DFL"" }, { ""name"": ""James McCaskel and David Sandbeck"", ""votes"": 266, ""votes_pct"": 1.150000, ""party"": ""LMN"" }, { ""name"": ""Steve Patterson and Matt Huff"", ""votes"": 239, ""votes_pct"": 1.030000, ""party"": ""GLC"" }, { ""name"": ""Hugh McTavish and Mike Winter"", ""votes"": 205, ""votes_pct"": 0.890000, ""party"": ""IA"" }, { ""name"": ""Gabrielle M. Prosser and Kevin A. Dwire"", ""votes"": 42, ""votes_pct"": 0.180000, ""party"": ""SWP"" }, { ""name"": ""WRITE-IN"", ""votes"": 5, ""votes_pct"": 0.020000, ""party"": ""WI"" } ]"
"26",Grant,R,"24.28",-24.28,,"2953","[ { ""name"": ""Scott Jensen and Matt Birk"", ""votes"": 1771, ""votes_pct"": 59.970000, ""party"": ""R"" }, { ""name"": ""Tim Walz and Peggy Flanagan"", ""votes"": 1054, ""votes_pct"": 35.690000, ""party"": ""DFL"" }, { ""name"": ""James McCaskel and David Sandbeck"", ""votes"": 45, ""votes_pct"": 1.520000, ""party"": ""LMN"" }, { ""name"": ""Steve Patterson and Matt Huff"", ""votes"": 38, ""votes_pct"": 1.290000, ""party"": ""GLC"" }, { ""name"": ""Hugh McTavish and Mike Winter"", ""votes"": 37, ""votes_pct"": 1.250000, ""party"": ""IA"" }, { ""name"": ""Gabrielle M. Prosser and Kevin A. Dwire"", ""votes"": 5, ""votes_pct"": 0.170000, ""party"": ""SWP"" }, { ""name"": ""WRITE-IN"", ""votes"": 3, ""votes_pct"": 0.100000, ""party"": ""WI"" } ]"
"27",Hennepin,DFL,"43.54",43.54,,"575503","[ { ""name"": ""Tim Walz and Peggy Flanagan"", ""votes"": 405002, ""votes_pct"": 70.370000, ""party"": ""DFL"" }, { ""name"": ""Scott Jensen and Matt Birk"", ""votes"": 154382, ""votes_pct"": 26.830000, ""party"": ""R"" }, { ""name"": ""James McCaskel and David Sandbeck"", ""votes"": 5939, ""votes_pct"": 1.030000, ""party"": ""LMN"" }, { ""name"": ""Steve Patterson and Matt Huff"", ""votes"": 4149, ""votes_pct"": 0.720000, ""party"": ""GLC"" }, { ""name"": ""Hugh McTavish and Mike Winter"", ""votes"": 3326, ""votes_pct"": 0.580000, ""party"": ""IA"" }, { ""name"": ""Gabrielle M. Prosser and Kevin A. Dwire"", ""votes"": 2411, ""votes_pct"": 0.420000, ""party"": ""SWP"" }, { ""name"": ""WRITE-IN"", ""votes"": 294, ""votes_pct"": 0.050000, ""party"": ""WI"" } ]"
"28",Houston,R,"14.51",-14.51,,"8746","[ { ""name"": ""Scott Jensen and Matt Birk"", ""votes"": 4874, ""votes_pct"": 55.730000, ""party"": ""R"" }, { ""name"": ""Tim Walz and Peggy Flanagan"", ""votes"": 3605, ""votes_pct"": 41.220000, ""party"": ""DFL"" }, { ""name"": ""James McCaskel and David Sandbeck"", ""votes"": 128, ""votes_pct"": 1.460000, ""party"": ""LMN"" }, { ""name"": ""Steve Patterson and Matt Huff"", ""votes"": 69, ""votes_pct"": 0.790000, ""party"": ""GLC"" }, { ""name"": ""Hugh McTavish and Mike Winter"", ""votes"": 61, ""votes_pct"": 0.700000, ""party"": ""IA"" }, { ""name"": ""Gabrielle M. Prosser and Kevin A. Dwire"", ""votes"": 9, ""votes_pct"": 0.100000, ""party"": ""SWP"" }, { ""name"": ""WRITE-IN"", ""votes"": 0, ""votes_pct"": 0, ""party"": ""WI"" } ]"
"29",Hubbard,R,"27.40",-27.4,,"10649","[ { ""name"": ""Scott Jensen and Matt Birk"", ""votes"": 6590, ""votes_pct"": 61.880000, ""party"": ""R"" }, { ""name"": ""Tim Walz and Peggy Flanagan"", ""votes"": 3672, ""votes_pct"": 34.480000, ""party"": ""DFL"" }, { ""name"": ""James McCaskel and David Sandbeck"", ""votes"": 155, ""votes_pct"": 1.460000, ""party"": ""LMN"" }, { ""name"": ""Steve Patterson and Matt Huff"", ""votes"": 112, ""votes_pct"": 1.050000, ""party"": ""GLC"" }, { ""name"": ""Hugh McTavish and Mike Winter"", ""votes"": 105, ""votes_pct"": 0.990000, ""party"": ""IA"" }, { ""name"": ""Gabrielle M. Prosser and Kevin A. Dwire"", ""votes"": 12, ""votes_pct"": 0.110000, ""party"": ""SWP"" }, { ""name"": ""WRITE-IN"", ""votes"": 3, ""votes_pct"": 0.030000, ""party"": ""WI"" } ]"
"30",Isanti,R,"34.43",-34.43,,"18862","[ { ""name"": ""Scott Jensen and Matt Birk"", ""votes"": 12271, ""votes_pct"": 65.060000, ""party"": ""R"" }, { ""name"": ""Tim Walz and Peggy Flanagan"", ""votes"": 5778, ""votes_pct"": 30.630000, ""party"": ""DFL"" }, { ""name"": ""James McCaskel and David Sandbeck"", ""votes"": 320, ""votes_pct"": 1.700000, ""party"": ""LMN"" }, { ""name"": ""Steve Patterson and Matt Huff"", ""votes"": 277, ""votes_pct"": 1.470000, ""party"": ""GLC"" }, { ""name"": ""Hugh McTavish and Mike Winter"", ""votes"": 175, ""votes_pct"": 0.930000, ""party"": ""IA"" }, { ""name"": ""Gabrielle M. Prosser and Kevin A. Dwire"", ""votes"": 37, ""votes_pct"": 0.200000, ""party"": ""SWP"" }, { ""name"": ""WRITE-IN"", ""votes"": 4, ""votes_pct"": 0.020000, ""party"": ""WI"" } ]"
"31",Itasca,R,"11.56",-11.56,,"21373","[ { ""name"": ""Scott Jensen and Matt Birk"", ""votes"": 11488, ""votes_pct"": 53.750000, ""party"": ""R"" }, { ""name"": ""Tim Walz and Peggy Flanagan"", ""votes"": 9017, ""votes_pct"": 42.190000, ""party"": ""DFL"" }, { ""name"": ""James McCaskel and David Sandbeck"", ""votes"": 352, ""votes_pct"": 1.650000, ""party"": ""LMN"" }, { ""name"": ""Steve Patterson and Matt Huff"", ""votes"": 265, ""votes_pct"": 1.240000, ""party"": ""GLC"" }, { ""name"": ""Hugh McTavish and Mike Winter"", ""votes"": 200, ""votes_pct"": 0.940000, ""party"": ""IA"" }, { ""name"": ""Gabrielle M. Prosser and Kevin A. Dwire"", ""votes"": 43, ""votes_pct"": 0.200000, ""party"": ""SWP"" }, { ""name"": ""WRITE-IN"", ""votes"": 8, ""votes_pct"": 0.040000, ""party"": ""WI"" } ]"
"32",Jackson,R,"37.39",-37.39,,"4560","[ { ""name"": ""Scott Jensen and Matt Birk"", ""votes"": 3055, ""votes_pct"": 67, ""party"": ""R"" }, { ""name"": ""Tim Walz and Peggy Flanagan"", ""votes"": 1350, ""votes_pct"": 29.610000, ""party"": ""DFL"" }, { ""name"": ""James McCaskel and David Sandbeck"", ""votes"": 51, ""votes_pct"": 1.120000, ""party"": ""LMN"" }, { ""name"": ""Steve Patterson and Matt Huff"", ""votes"": 48, ""votes_pct"": 1.050000, ""party"": ""GLC"" }, { ""name"": ""Hugh McTavish and Mike Winter"", ""votes"": 45, ""votes_pct"": 0.990000, ""party"": ""IA"" }, { ""name"": ""Gabrielle M. Prosser and Kevin A. Dwire"", ""votes"": 9, ""votes_pct"": 0.200000, ""party"": ""SWP"" }, { ""name"": ""WRITE-IN"", ""votes"": 2, ""votes_pct"": 0.040000, ""party"": ""WI"" } ]"
"33",Kanabec,R,"32.18",-32.18,,"7159","[ { ""name"": ""Scott Jensen and Matt Birk"", ""votes"": 4581, ""votes_pct"": 63.990000, ""party"": ""R"" }, { ""name"": ""Tim Walz and Peggy Flanagan"", ""votes"": 2277, ""votes_pct"": 31.810000, ""party"": ""DFL"" }, { ""name"": ""James McCaskel and David Sandbeck"", ""votes"": 120, ""votes_pct"": 1.680000, ""party"": ""LMN"" }, { ""name"": ""Steve Patterson and Matt Huff"", ""votes"": 113, ""votes_pct"": 1.580000, ""party"": ""GLC"" }, { ""name"": ""Hugh McTavish and Mike Winter"", ""votes"": 58, ""votes_pct"": 0.810000, ""party"": ""IA"" }, { ""name"": ""Gabrielle M. Prosser and Kevin A. Dwire"", ""votes"": 9, ""votes_pct"": 0.130000, ""party"": ""SWP"" }, { ""name"": ""WRITE-IN"", ""votes"": 1, ""votes_pct"": 0.010000, ""party"": ""WI"" } ]"
"34",Kandiyohi,R,"26.66",-26.66,,"18245","[ { ""name"": ""Scott Jensen and Matt Birk"", ""votes"": 11288, ""votes_pct"": 61.870000, ""party"": ""R"" }, { ""name"": ""Tim Walz and Peggy Flanagan"", ""votes"": 6424, ""votes_pct"": 35.210000, ""party"": ""DFL"" }, { ""name"": ""James McCaskel and David Sandbeck"", ""votes"": 204, ""votes_pct"": 1.120000, ""party"": ""LMN"" }, { ""name"": ""Steve Patterson and Matt Huff"", ""votes"": 148, ""votes_pct"": 0.810000, ""party"": ""GLC"" }, { ""name"": ""Hugh McTavish and Mike Winter"", ""votes"": 143, ""votes_pct"": 0.780000, ""party"": ""IA"" }, { ""name"": ""Gabrielle M. Prosser and Kevin A. Dwire"", ""votes"": 31, ""votes_pct"": 0.170000, ""party"": ""SWP"" }, { ""name"": ""WRITE-IN"", ""votes"": 7, ""votes_pct"": 0.040000, ""party"": ""WI"" } ]"
"35",Kittson,R,"24.46",-24.46,,"1926","[ { ""name"": ""Scott Jensen and Matt Birk"", ""votes"": 1160, ""votes_pct"": 60.230000, ""party"": ""R"" }, { ""name"": ""Tim Walz and Peggy Flanagan"", ""votes"": 689, ""votes_pct"": 35.770000, ""party"": ""DFL"" }, { ""name"": ""James McCaskel and David Sandbeck"", ""votes"": 37, ""votes_pct"": 1.920000, ""party"": ""LMN"" }, { ""name"": ""Steve Patterson and Matt Huff"", ""votes"": 25, ""votes_pct"": 1.300000, ""party"": ""GLC"" }, { ""name"": ""Hugh McTavish and Mike Winter"", ""votes"": 13, ""votes_pct"": 0.670000, ""party"": ""IA"" }, { ""name"": ""Gabrielle M. Prosser and Kevin A. Dwire"", ""votes"": 2, ""votes_pct"": 0.100000, ""party"": ""SWP"" }, { ""name"": ""WRITE-IN"", ""votes"": 0, ""votes_pct"": 0, ""party"": ""WI"" } ]"
"36",Koochiching,R,"17.13",-17.13,,"5227","[ { ""name"": ""Scott Jensen and Matt Birk"", ""votes"": 2953, ""votes_pct"": 56.500000, ""party"": ""R"" }, { ""name"": ""Tim Walz and Peggy Flanagan"", ""votes"": 2058, ""votes_pct"": 39.370000, ""party"": ""DFL"" }, { ""name"": ""James McCaskel and David Sandbeck"", ""votes"": 100, ""votes_pct"": 1.910000, ""party"": ""LMN"" }, { ""name"": ""Steve Patterson and Matt Huff"", ""votes"": 56, ""votes_pct"": 1.070000, ""party"": ""GLC"" }, { ""name"": ""Hugh McTavish and Mike Winter"", ""votes"": 52, ""votes_pct"": 0.990000, ""party"": ""IA"" }, { ""name"": ""Gabrielle M. Prosser and Kevin A. Dwire"", ""votes"": 6, ""votes_pct"": 0.110000, ""party"": ""SWP"" }, { ""name"": ""WRITE-IN"", ""votes"": 2, ""votes_pct"": 0.040000, ""party"": ""WI"" } ]"
"37",Lac Qui Parle,R,"26.49",-26.49,,"3149","[ { ""name"": ""Scott Jensen and Matt Birk"", ""votes"": 1935, ""votes_pct"": 61.450000, ""party"": ""R"" }, { ""name"": ""Tim Walz and Peggy Flanagan"", ""votes"": 1101, ""votes_pct"": 34.960000, ""party"": ""DFL"" }, { ""name"": ""Steve Patterson and Matt Huff"", ""votes"": 43, ""votes_pct"": 1.370000, ""party"": ""GLC"" }, { ""name"": ""Hugh McTavish and Mike Winter"", ""votes"": 38, ""votes_pct"": 1.210000, ""party"": ""IA"" }, { ""name"": ""James McCaskel and David Sandbeck"", ""votes"": 26, ""votes_pct"": 0.830000, ""party"": ""LMN"" }, { ""name"": ""Gabrielle M. Prosser and Kevin A. Dwire"", ""votes"": 6, ""votes_pct"": 0.190000, ""party"": ""SWP"" }, { ""name"": ""WRITE-IN"", ""votes"": 0, ""votes_pct"": 0, ""party"": ""WI"" } ]"
"38",Lake,DFL,"7.72",7.72,,"5661","[ { ""name"": ""Tim Walz and Peggy Flanagan"", ""votes"": 2954, ""votes_pct"": 52.180000, ""party"": ""DFL"" }, { ""name"": ""Scott Jensen and Matt Birk"", ""votes"": 2517, ""votes_pct"": 44.460000, ""party"": ""R"" }, { ""name"": ""James McCaskel and David Sandbeck"", ""votes"": 72, ""votes_pct"": 1.270000, ""party"": ""LMN"" }, { ""name"": ""Steve Patterson and Matt Huff"", ""votes"": 68, ""votes_pct"": 1.200000, ""party"": ""GLC"" }, { ""name"": ""Hugh McTavish and Mike Winter"", ""votes"": 35, ""votes_pct"": 0.620000, ""party"": ""IA"" }, { ""name"": ""Gabrielle M. Prosser and Kevin A. Dwire"", ""votes"": 15, ""votes_pct"": 0.260000, ""party"": ""SWP"" }, { ""name"": ""WRITE-IN"", ""votes"": 0, ""votes_pct"": 0, ""party"": ""WI"" } ]"
"39",Lake of the Woods,R,"45.07",-45.07,,"1828","[ { ""name"": ""Scott Jensen and Matt Birk"", ""votes"": 1297, ""votes_pct"": 70.950000, ""party"": ""R"" }, { ""name"": ""Tim Walz and Peggy Flanagan"", ""votes"": 473, ""votes_pct"": 25.880000, ""party"": ""DFL"" }, { ""name"": ""James McCaskel and David Sandbeck"", ""votes"": 24, ""votes_pct"": 1.310000, ""party"": ""LMN"" }, { ""name"": ""Hugh McTavish and Mike Winter"", ""votes"": 19, ""votes_pct"": 1.040000, ""party"": ""IA"" }, { ""name"": ""Steve Patterson and Matt Huff"", ""votes"": 14, ""votes_pct"": 0.770000, ""party"": ""GLC"" }, { ""name"": ""Gabrielle M. Prosser and Kevin A. Dwire"", ""votes"": 1, ""votes_pct"": 0.050000, ""party"": ""SWP"" }, { ""name"": ""WRITE-IN"", ""votes"": 0, ""votes_pct"": 0, ""party"": ""WI"" } ]"
"40",Le Sueur,R,"27.18",-27.18,,"13217","[ { ""name"": ""Scott Jensen and Matt Birk"", ""votes"": 8184, ""votes_pct"": 61.920000, ""party"": ""R"" }, { ""name"": ""Tim Walz and Peggy Flanagan"", ""votes"": 4591, ""votes_pct"": 34.740000, ""party"": ""DFL"" }, { ""name"": ""James McCaskel and David Sandbeck"", ""votes"": 169, ""votes_pct"": 1.280000, ""party"": ""LMN"" }, { ""name"": ""Steve Patterson and Matt Huff"", ""votes"": 140, ""votes_pct"": 1.060000, ""party"": ""GLC"" }, { ""name"": ""Hugh McTavish and Mike Winter"", ""votes"": 107, ""votes_pct"": 0.810000, ""party"": ""IA"" }, { ""name"": ""Gabrielle M. Prosser and Kevin A. Dwire"", ""votes"": 19, ""votes_pct"": 0.140000, ""party"": ""SWP"" }, { ""name"": ""WRITE-IN"", ""votes"": 7, ""votes_pct"": 0.050000, ""party"": ""WI"" } ]"
"41",Lincoln,R,"38.65",-38.65,,"2440","[ { ""name"": ""Scott Jensen and Matt Birk"", ""votes"": 1653, ""votes_pct"": 67.750000, ""party"": ""R"" }, { ""name"": ""Tim Walz and Peggy Flanagan"", ""votes"": 710, ""votes_pct"": 29.100000, ""party"": ""DFL"" }, { ""name"": ""James McCaskel and David Sandbeck"", ""votes"": 32, ""votes_pct"": 1.310000, ""party"": ""LMN"" }, { ""name"": ""Steve Patterson and Matt Huff"", ""votes"": 29, ""votes_pct"": 1.190000, ""party"": ""GLC"" }, { ""name"": ""Hugh McTavish and Mike Winter"", ""votes"": 12, ""votes_pct"": 0.490000, ""party"": ""IA"" }, { ""name"": ""Gabrielle M. Prosser and Kevin A. Dwire"", ""votes"": 3, ""votes_pct"": 0.120000, ""party"": ""SWP"" }, { ""name"": ""WRITE-IN"", ""votes"": 1, ""votes_pct"": 0.040000, ""party"": ""WI"" } ]"
"42",Lyon,R,"30.64",-30.64,,"9799","[ { ""name"": ""Scott Jensen and Matt Birk"", ""votes"": 6266, ""votes_pct"": 63.950000, ""party"": ""R"" }, { ""name"": ""Tim Walz and Peggy Flanagan"", ""votes"": 3264, ""votes_pct"": 33.310000, ""party"": ""DFL"" }, { ""name"": ""James McCaskel and David Sandbeck"", ""votes"": 96, ""votes_pct"": 0.980000, ""party"": ""LMN"" }, { ""name"": ""Hugh McTavish and Mike Winter"", ""votes"": 86, ""votes_pct"": 0.880000, ""party"": ""IA"" }, { ""name"": ""Steve Patterson and Matt Huff"", ""votes"": 66, ""votes_pct"": 0.670000, ""party"": ""GLC"" }, { ""name"": ""Gabrielle M. Prosser and Kevin A. Dwire"", ""votes"": 15, ""votes_pct"": 0.150000, ""party"": ""SWP"" }, { ""name"": ""WRITE-IN"", ""votes"": 6, ""votes_pct"": 0.060000, ""party"": ""WI"" } ]"
"43",McLeod,R,"34.02",-34.02,,"16459","[ { ""name"": ""Scott Jensen and Matt Birk"", ""votes"": 10770, ""votes_pct"": 65.440000, ""party"": ""R"" }, { ""name"": ""Tim Walz and Peggy Flanagan"", ""votes"": 5171, ""votes_pct"": 31.420000, ""party"": ""DFL"" }, { ""name"": ""James McCaskel and David Sandbeck"", ""votes"": 190, ""votes_pct"": 1.150000, ""party"": ""LMN"" }, { ""name"": ""Steve Patterson and Matt Huff"", ""votes"": 145, ""votes_pct"": 0.880000, ""party"": ""GLC"" }, { ""name"": ""Hugh McTavish and Mike Winter"", ""votes"": 143, ""votes_pct"": 0.870000, ""party"": ""IA"" }, { ""name"": ""Gabrielle M. Prosser and Kevin A. Dwire"", ""votes"": 37, ""votes_pct"": 0.220000, ""party"": ""SWP"" }, { ""name"": ""WRITE-IN"", ""votes"": 3, ""votes_pct"": 0.020000, ""party"": ""WI"" } ]"
"44",Mahnomen,R,"14.99",-14.99,,"1648","[ { ""name"": ""Scott Jensen and Matt Birk"", ""votes"": 898, ""votes_pct"": 54.490000, ""party"": ""R"" }, { ""name"": ""Tim Walz and Peggy Flanagan"", ""votes"": 651, ""votes_pct"": 39.500000, ""party"": ""DFL"" }, { ""name"": ""James McCaskel and David Sandbeck"", ""votes"": 36, ""votes_pct"": 2.180000, ""party"": ""LMN"" }, { ""name"": ""Hugh McTavish and Mike Winter"", ""votes"": 34, ""votes_pct"": 2.060000, ""party"": ""IA"" }, { ""name"": ""Steve Patterson and Matt Huff"", ""votes"": 21, ""votes_pct"": 1.270000, ""party"": ""GLC"" }, { ""name"": ""Gabrielle M. Prosser and Kevin A. Dwire"", ""votes"": 7, ""votes_pct"": 0.420000, ""party"": ""SWP"" }, { ""name"": ""WRITE-IN"", ""votes"": 1, ""votes_pct"": 0.060000, ""party"": ""WI"" } ]"
"45",Marshall,R,"49.57",-49.57,,"4067","[ { ""name"": ""Scott Jensen and Matt Birk"", ""votes"": 2970, ""votes_pct"": 73.030000, ""party"": ""R"" }, { ""name"": ""Tim Walz and Peggy Flanagan"", ""votes"": 954, ""votes_pct"": 23.460000, ""party"": ""DFL"" }, { ""name"": ""James McCaskel and David Sandbeck"", ""votes"": 50, ""votes_pct"": 1.230000, ""party"": ""LMN"" }, { ""name"": ""Hugh McTavish and Mike Winter"", ""votes"": 43, ""votes_pct"": 1.060000, ""party"": ""IA"" }, { ""name"": ""Steve Patterson and Matt Huff"", ""votes"": 41, ""votes_pct"": 1.010000, ""party"": ""GLC"" }, { ""name"": ""Gabrielle M. Prosser and Kevin A. Dwire"", ""votes"": 8, ""votes_pct"": 0.200000, ""party"": ""SWP"" }, { ""name"": ""WRITE-IN"", ""votes"": 1, ""votes_pct"": 0.020000, ""party"": ""WI"" } ]"
"46",Martin,R,"37.82",-37.82,,"8351","[ { ""name"": ""Scott Jensen and Matt Birk"", ""votes"": 5625, ""votes_pct"": 67.360000, ""party"": ""R"" }, { ""name"": ""Tim Walz and Peggy Flanagan"", ""votes"": 2467, ""votes_pct"": 29.540000, ""party"": ""DFL"" }, { ""name"": ""James McCaskel and David Sandbeck"", ""votes"": 101, ""votes_pct"": 1.210000, ""party"": ""LMN"" }, { ""name"": ""Steve Patterson and Matt Huff"", ""votes"": 81, ""votes_pct"": 0.970000, ""party"": ""GLC"" }, { ""name"": ""Hugh McTavish and Mike Winter"", ""votes"": 63, ""votes_pct"": 0.750000, ""party"": ""IA"" }, { ""name"": ""Gabrielle M. Prosser and Kevin A. Dwire"", ""votes"": 10, ""votes_pct"": 0.120000, ""party"": ""SWP"" }, { ""name"": ""WRITE-IN"", ""votes"": 4, ""votes_pct"": 0.050000, ""party"": ""WI"" } ]"
"47",Meeker,R,"37.32",-37.32,,"10815","[ { ""name"": ""Scott Jensen and Matt Birk"", ""votes"": 7250, ""votes_pct"": 67.040000, ""party"": ""R"" }, { ""name"": ""Tim Walz and Peggy Flanagan"", ""votes"": 3214, ""votes_pct"": 29.720000, ""party"": ""DFL"" }, { ""name"": ""James McCaskel and David Sandbeck"", ""votes"": 125, ""votes_pct"": 1.160000, ""party"": ""LMN"" }, { ""name"": ""Steve Patterson and Matt Huff"", ""votes"": 108, ""votes_pct"": 1, ""party"": ""GLC"" }, { ""name"": ""Hugh McTavish and Mike Winter"", ""votes"": 95, ""votes_pct"": 0.880000, ""party"": ""IA"" }, { ""name"": ""Gabrielle M. Prosser and Kevin A. Dwire"", ""votes"": 20, ""votes_pct"": 0.180000, ""party"": ""SWP"" }, { ""name"": ""WRITE-IN"", ""votes"": 3, ""votes_pct"": 0.030000, ""party"": ""WI"" } ]"
"48",Mille Lacs,R,"34.47",-34.47,,"11078","[ { ""name"": ""Scott Jensen and Matt Birk"", ""votes"": 7209, ""votes_pct"": 65.070000, ""party"": ""R"" }, { ""name"": ""Tim Walz and Peggy Flanagan"", ""votes"": 3390, ""votes_pct"": 30.600000, ""party"": ""DFL"" }, { ""name"": ""James McCaskel and David Sandbeck"", ""votes"": 176, ""votes_pct"": 1.590000, ""party"": ""LMN"" }, { ""name"": ""Steve Patterson and Matt Huff"", ""votes"": 161, ""votes_pct"": 1.450000, ""party"": ""GLC"" }, { ""name"": ""Hugh McTavish and Mike Winter"", ""votes"": 113, ""votes_pct"": 1.020000, ""party"": ""IA"" }, { ""name"": ""Gabrielle M. Prosser and Kevin A. Dwire"", ""votes"": 25, ""votes_pct"": 0.230000, ""party"": ""SWP"" }, { ""name"": ""WRITE-IN"", ""votes"": 4, ""votes_pct"": 0.040000, ""party"": ""WI"" } ]"
"49",Morrison,R,"52.25",-52.25,,"15458","[ { ""name"": ""Scott Jensen and Matt Birk"", ""votes"": 11529, ""votes_pct"": 74.580000, ""party"": ""R"" }, { ""name"": ""Tim Walz and Peggy Flanagan"", ""votes"": 3451, ""votes_pct"": 22.330000, ""party"": ""DFL"" }, { ""name"": ""James McCaskel and David Sandbeck"", ""votes"": 183, ""votes_pct"": 1.180000, ""party"": ""LMN"" }, { ""name"": ""Steve Patterson and Matt Huff"", ""votes"": 133, ""votes_pct"": 0.860000, ""party"": ""GLC"" }, { ""name"": ""Hugh McTavish and Mike Winter"", ""votes"": 132, ""votes_pct"": 0.850000, ""party"": ""IA"" }, { ""name"": ""Gabrielle M. Prosser and Kevin A. Dwire"", ""votes"": 29, ""votes_pct"": 0.190000, ""party"": ""SWP"" }, { ""name"": ""WRITE-IN"", ""votes"": 1, ""votes_pct"": 0.010000, ""party"": ""WI"" } ]"
"50",Mower,R,"3.33",-3.33,,"14112","[ { ""name"": ""Scott Jensen and Matt Birk"", ""votes"": 7043, ""votes_pct"": 49.910000, ""party"": ""R"" }, { ""name"": ""Tim Walz and Peggy Flanagan"", ""votes"": 6573, ""votes_pct"": 46.580000, ""party"": ""DFL"" }, { ""name"": ""James McCaskel and David Sandbeck"", ""votes"": 192, ""votes_pct"": 1.360000, ""party"": ""LMN"" }, { ""name"": ""Steve Patterson and Matt Huff"", ""votes"": 170, ""votes_pct"": 1.200000, ""party"": ""GLC"" }, { ""name"": ""Hugh McTavish and Mike Winter"", ""votes"": 94, ""votes_pct"": 0.670000, ""party"": ""IA"" }, { ""name"": ""Gabrielle M. Prosser and Kevin A. Dwire"", ""votes"": 40, ""votes_pct"": 0.280000, ""party"": ""SWP"" }, { ""name"": ""WRITE-IN"", ""votes"": 0, ""votes_pct"": 0, ""party"": ""WI"" } ]"
"51",Murray,R,"42.86",-42.86,,"3915","[ { ""name"": ""Scott Jensen and Matt Birk"", ""votes"": 2729, ""votes_pct"": 69.710000, ""party"": ""R"" }, { ""name"": ""Tim Walz and Peggy Flanagan"", ""votes"": 1051, ""votes_pct"": 26.850000, ""party"": ""DFL"" }, { ""name"": ""Hugh McTavish and Mike Winter"", ""votes"": 49, ""votes_pct"": 1.250000, ""party"": ""IA"" }, { ""name"": ""James McCaskel and David Sandbeck"", ""votes"": 48, ""votes_pct"": 1.230000, ""party"": ""LMN"" }, { ""name"": ""Steve Patterson and Matt Huff"", ""votes"": 25, ""votes_pct"": 0.640000, ""party"": ""GLC"" }, { ""name"": ""Gabrielle M. Prosser and Kevin A. Dwire"", ""votes"": 11, ""votes_pct"": 0.280000, ""party"": ""SWP"" }, { ""name"": ""WRITE-IN"", ""votes"": 2, ""votes_pct"": 0.050000, ""party"": ""WI"" } ]"
"52",Nicollet,DFL,"6.31",6.31,,"15311","[ { ""name"": ""Tim Walz and Peggy Flanagan"", ""votes"": 7929, ""votes_pct"": 51.790000, ""party"": ""DFL"" }, { ""name"": ""Scott Jensen and Matt Birk"", ""votes"": 6964, ""votes_pct"": 45.480000, ""party"": ""R"" }, { ""name"": ""James McCaskel and David Sandbeck"", ""votes"": 154, ""votes_pct"": 1.010000, ""party"": ""LMN"" }, { ""name"": ""Hugh McTavish and Mike Winter"", ""votes"": 122, ""votes_pct"": 0.800000, ""party"": ""IA"" }, { ""name"": ""Steve Patterson and Matt Huff"", ""votes"": 99, ""votes_pct"": 0.650000, ""party"": ""GLC"" }, { ""name"": ""Gabrielle M. Prosser and Kevin A. Dwire"", ""votes"": 38, ""votes_pct"": 0.250000, ""party"": ""SWP"" }, { ""name"": ""WRITE-IN"", ""votes"": 5, ""votes_pct"": 0.030000, ""party"": ""WI"" } ]"
"53",Nobles,R,"35.50",-35.5,,"6082","[ { ""name"": ""Scott Jensen and Matt Birk"", ""votes"": 4013, ""votes_pct"": 65.980000, ""party"": ""R"" }, { ""name"": ""Tim Walz and Peggy Flanagan"", ""votes"": 1854, ""votes_pct"": 30.480000, ""party"": ""DFL"" }, { ""name"": ""James McCaskel and David Sandbeck"", ""votes"": 87, ""votes_pct"": 1.430000, ""party"": ""LMN"" }, { ""name"": ""Hugh McTavish and Mike Winter"", ""votes"": 68, ""votes_pct"": 1.120000, ""party"": ""IA"" }, { ""name"": ""Steve Patterson and Matt Huff"", ""votes"": 44, ""votes_pct"": 0.720000, ""party"": ""GLC"" }, { ""name"": ""Gabrielle M. Prosser and Kevin A. Dwire"", ""votes"": 15, ""votes_pct"": 0.250000, ""party"": ""SWP"" }, { ""name"": ""WRITE-IN"", ""votes"": 1, ""votes_pct"": 0.020000, ""party"": ""WI"" } ]"
"54",Norman,R,"20.73",-20.73,,"2504","[ { ""name"": ""Scott Jensen and Matt Birk"", ""votes"": 1448, ""votes_pct"": 57.830000, ""party"": ""R"" }, { ""name"": ""Tim Walz and Peggy Flanagan"", ""votes"": 929, ""votes_pct"": 37.100000, ""party"": ""DFL"" }, { ""name"": ""James McCaskel and David Sandbeck"", ""votes"": 52, ""votes_pct"": 2.080000, ""party"": ""LMN"" }, { ""name"": ""Steve Patterson and Matt Huff"", ""votes"": 33, ""votes_pct"": 1.320000, ""party"": ""GLC"" }, { ""name"": ""Hugh McTavish and Mike Winter"", ""votes"": 31, ""votes_pct"": 1.240000, ""party"": ""IA"" }, { ""name"": ""WRITE-IN"", ""votes"": 6, ""votes_pct"": 0.240000, ""party"": ""WI"" }, { ""name"": ""Gabrielle M. Prosser and Kevin A. Dwire"", ""votes"": 5, ""votes_pct"": 0.200000, ""party"": ""SWP"" } ]"
"55",Olmsted,DFL,"12.34",12.34,,"68120","[ { ""name"": ""Tim Walz and Peggy Flanagan"", ""votes"": 37471, ""votes_pct"": 55.010000, ""party"": ""DFL"" }, { ""name"": ""Scott Jensen and Matt Birk"", ""votes"": 29067, ""votes_pct"": 42.670000, ""party"": ""R"" }, { ""name"": ""James McCaskel and David Sandbeck"", ""votes"": 576, ""votes_pct"": 0.850000, ""party"": ""LMN"" }, { ""name"": ""Steve Patterson and Matt Huff"", ""votes"": 445, ""votes_pct"": 0.650000, ""party"": ""GLC"" }, { ""name"": ""Hugh McTavish and Mike Winter"", ""votes"": 412, ""votes_pct"": 0.600000, ""party"": ""IA"" }, { ""name"": ""Gabrielle M. Prosser and Kevin A. Dwire"", ""votes"": 136, ""votes_pct"": 0.200000, ""party"": ""SWP"" }, { ""name"": ""WRITE-IN"", ""votes"": 13, ""votes_pct"": 0.020000, ""party"": ""WI"" } ]"
"56",Otter Tail,R,"33.91",-33.91,,"28518","[ { ""name"": ""Scott Jensen and Matt Birk"", ""votes"": 18618, ""votes_pct"": 65.290000, ""party"": ""R"" }, { ""name"": ""Tim Walz and Peggy Flanagan"", ""votes"": 8950, ""votes_pct"": 31.380000, ""party"": ""DFL"" }, { ""name"": ""James McCaskel and David Sandbeck"", ""votes"": 358, ""votes_pct"": 1.260000, ""party"": ""LMN"" }, { ""name"": ""Steve Patterson and Matt Huff"", ""votes"": 278, ""votes_pct"": 0.970000, ""party"": ""GLC"" }, { ""name"": ""Hugh McTavish and Mike Winter"", ""votes"": 254, ""votes_pct"": 0.890000, ""party"": ""IA"" }, { ""name"": ""Gabrielle M. Prosser and Kevin A. Dwire"", ""votes"": 47, ""votes_pct"": 0.160000, ""party"": ""SWP"" }, { ""name"": ""WRITE-IN"", ""votes"": 13, ""votes_pct"": 0.050000, ""party"": ""WI"" } ]"
"57",Pennington,R,"31.68",-31.68,,"5461","[ { ""name"": ""Scott Jensen and Matt Birk"", ""votes"": 3464, ""votes_pct"": 63.430000, ""party"": ""R"" }, { ""name"": ""Tim Walz and Peggy Flanagan"", ""votes"": 1734, ""votes_pct"": 31.750000, ""party"": ""DFL"" }, { ""name"": ""James McCaskel and David Sandbeck"", ""votes"": 106, ""votes_pct"": 1.940000, ""party"": ""LMN"" }, { ""name"": ""Hugh McTavish and Mike Winter"", ""votes"": 82, ""votes_pct"": 1.500000, ""party"": ""IA"" }, { ""name"": ""Steve Patterson and Matt Huff"", ""votes"": 59, ""votes_pct"": 1.080000, ""party"": ""GLC"" }, { ""name"": ""Gabrielle M. Prosser and Kevin A. Dwire"", ""votes"": 15, ""votes_pct"": 0.270000, ""party"": ""SWP"" }, { ""name"": ""WRITE-IN"", ""votes"": 1, ""votes_pct"": 0.020000, ""party"": ""WI"" } ]"
"58",Pine,R,"26.71",-26.71,,"12393","[ { ""name"": ""Scott Jensen and Matt Birk"", ""votes"": 7601, ""votes_pct"": 61.330000, ""party"": ""R"" }, { ""name"": ""Tim Walz and Peggy Flanagan"", ""votes"": 4290, ""votes_pct"": 34.620000, ""party"": ""DFL"" }, { ""name"": ""James McCaskel and David Sandbeck"", ""votes"": 211, ""votes_pct"": 1.700000, ""party"": ""LMN"" }, { ""name"": ""Steve Patterson and Matt Huff"", ""votes"": 178, ""votes_pct"": 1.440000, ""party"": ""GLC"" }, { ""name"": ""Hugh McTavish and Mike Winter"", ""votes"": 90, ""votes_pct"": 0.730000, ""party"": ""IA"" }, { ""name"": ""Gabrielle M. Prosser and Kevin A. Dwire"", ""votes"": 20, ""votes_pct"": 0.160000, ""party"": ""SWP"" }, { ""name"": ""WRITE-IN"", ""votes"": 3, ""votes_pct"": 0.020000, ""party"": ""WI"" } ]"
"59",Pipestone,R,"51.12",-51.12,,"3809","[ { ""name"": ""Scott Jensen and Matt Birk"", ""votes"": 2819, ""votes_pct"": 74.010000, ""party"": ""R"" }, { ""name"": ""Tim Walz and Peggy Flanagan"", ""votes"": 872, ""votes_pct"": 22.890000, ""party"": ""DFL"" }, { ""name"": ""James McCaskel and David Sandbeck"", ""votes"": 38, ""votes_pct"": 1, ""party"": ""LMN"" }, { ""name"": ""Steve Patterson and Matt Huff"", ""votes"": 37, ""votes_pct"": 0.970000, ""party"": ""GLC"" }, { ""name"": ""Hugh McTavish and Mike Winter"", ""votes"": 36, ""votes_pct"": 0.950000, ""party"": ""IA"" }, { ""name"": ""Gabrielle M. Prosser and Kevin A. Dwire"", ""votes"": 7, ""votes_pct"": 0.180000, ""party"": ""SWP"" }, { ""name"": ""WRITE-IN"", ""votes"": 0, ""votes_pct"": 0, ""party"": ""WI"" } ]"
"60",Polk,R,"34.60",-34.6,,"10932","[ { ""name"": ""Scott Jensen and Matt Birk"", ""votes"": 7180, ""votes_pct"": 65.680000, ""party"": ""R"" }, { ""name"": ""Tim Walz and Peggy Flanagan"", ""votes"": 3398, ""votes_pct"": 31.080000, ""party"": ""DFL"" }, { ""name"": ""James McCaskel and David Sandbeck"", ""votes"": 148, ""votes_pct"": 1.350000, ""party"": ""LMN"" }, { ""name"": ""Steve Patterson and Matt Huff"", ""votes"": 98, ""votes_pct"": 0.900000, ""party"": ""GLC"" }, { ""name"": ""Hugh McTavish and Mike Winter"", ""votes"": 80, ""votes_pct"": 0.730000, ""party"": ""IA"" }, { ""name"": ""Gabrielle M. Prosser and Kevin A. Dwire"", ""votes"": 23, ""votes_pct"": 0.210000, ""party"": ""SWP"" }, { ""name"": ""WRITE-IN"", ""votes"": 5, ""votes_pct"": 0.050000, ""party"": ""WI"" } ]"
"61",Pope,R,"27.83",-27.83,,"5673","[ { ""name"": ""Scott Jensen and Matt Birk"", ""votes"": 3549, ""votes_pct"": 62.560000, ""party"": ""R"" }, { ""name"": ""Tim Walz and Peggy Flanagan"", ""votes"": 1970, ""votes_pct"": 34.730000, ""party"": ""DFL"" }, { ""name"": ""James McCaskel and David Sandbeck"", ""votes"": 50, ""votes_pct"": 0.880000, ""party"": ""LMN"" }, { ""name"": ""Hugh McTavish and Mike Winter"", ""votes"": 47, ""votes_pct"": 0.830000, ""party"": ""IA"" }, { ""name"": ""Steve Patterson and Matt Huff"", ""votes"": 43, ""votes_pct"": 0.760000, ""party"": ""GLC"" }, { ""name"": ""Gabrielle M. Prosser and Kevin A. Dwire"", ""votes"": 9, ""votes_pct"": 0.160000, ""party"": ""SWP"" }, { ""name"": ""WRITE-IN"", ""votes"": 5, ""votes_pct"": 0.090000, ""party"": ""WI"" } ]"
"62",Ramsey,DFL,"46.35",46.35,,"218074","[ { ""name"": ""Tim Walz and Peggy Flanagan"", ""votes"": 155849, ""votes_pct"": 71.470000, ""party"": ""DFL"" }, { ""name"": ""Scott Jensen and Matt Birk"", ""votes"": 54770, ""votes_pct"": 25.120000, ""party"": ""R"" }, { ""name"": ""James McCaskel and David Sandbeck"", ""votes"": 2626, ""votes_pct"": 1.200000, ""party"": ""LMN"" }, { ""name"": ""Steve Patterson and Matt Huff"", ""votes"": 2247, ""votes_pct"": 1.030000, ""party"": ""GLC"" }, { ""name"": ""Hugh McTavish and Mike Winter"", ""votes"": 1338, ""votes_pct"": 0.610000, ""party"": ""IA"" }, { ""name"": ""Gabrielle M. Prosser and Kevin A. Dwire"", ""votes"": 1118, ""votes_pct"": 0.510000, ""party"": ""SWP"" }, { ""name"": ""WRITE-IN"", ""votes"": 126, ""votes_pct"": 0.060000, ""party"": ""WI"" } ]"
"63",Red Lake,R,"35.12",-35.12,,"1606","[ { ""name"": ""Scott Jensen and Matt Birk"", ""votes"": 1049, ""votes_pct"": 65.320000, ""party"": ""R"" }, { ""name"": ""Tim Walz and Peggy Flanagan"", ""votes"": 485, ""votes_pct"": 30.200000, ""party"": ""DFL"" }, { ""name"": ""James McCaskel and David Sandbeck"", ""votes"": 30, ""votes_pct"": 1.870000, ""party"": ""LMN"" }, { ""name"": ""Hugh McTavish and Mike Winter"", ""votes"": 24, ""votes_pct"": 1.490000, ""party"": ""IA"" }, { ""name"": ""Steve Patterson and Matt Huff"", ""votes"": 14, ""votes_pct"": 0.870000, ""party"": ""GLC"" }, { ""name"": ""Gabrielle M. Prosser and Kevin A. Dwire"", ""votes"": 3, ""votes_pct"": 0.190000, ""party"": ""SWP"" }, { ""name"": ""WRITE-IN"", ""votes"": 1, ""votes_pct"": 0.060000, ""party"": ""WI"" } ]"
"64",Redwood,R,"44.78",-44.78,,"6440","[ { ""name"": ""Scott Jensen and Matt Birk"", ""votes"": 4582, ""votes_pct"": 71.150000, ""party"": ""R"" }, { ""name"": ""Tim Walz and Peggy Flanagan"", ""votes"": 1698, ""votes_pct"": 26.370000, ""party"": ""DFL"" }, { ""name"": ""James McCaskel and David Sandbeck"", ""votes"": 71, ""votes_pct"": 1.100000, ""party"": ""LMN"" }, { ""name"": ""Steve Patterson and Matt Huff"", ""votes"": 43, ""votes_pct"": 0.670000, ""party"": ""GLC"" }, { ""name"": ""Hugh McTavish and Mike Winter"", ""votes"": 35, ""votes_pct"": 0.540000, ""party"": ""IA"" }, { ""name"": ""Gabrielle M. Prosser and Kevin A. Dwire"", ""votes"": 10, ""votes_pct"": 0.160000, ""party"": ""SWP"" }, { ""name"": ""WRITE-IN"", ""votes"": 1, ""votes_pct"": 0.020000, ""party"": ""WI"" } ]"
"65",Renville,R,"36.67",-36.67,,"6297","[ { ""name"": ""Scott Jensen and Matt Birk"", ""votes"": 4192, ""votes_pct"": 66.570000, ""party"": ""R"" }, { ""name"": ""Tim Walz and Peggy Flanagan"", ""votes"": 1883, ""votes_pct"": 29.900000, ""party"": ""DFL"" }, { ""name"": ""James McCaskel and David Sandbeck"", ""votes"": 90, ""votes_pct"": 1.430000, ""party"": ""LMN"" }, { ""name"": ""Steve Patterson and Matt Huff"", ""votes"": 70, ""votes_pct"": 1.110000, ""party"": ""GLC"" }, { ""name"": ""Hugh McTavish and Mike Winter"", ""votes"": 51, ""votes_pct"": 0.810000, ""party"": ""IA"" }, { ""name"": ""Gabrielle M. Prosser and Kevin A. Dwire"", ""votes"": 9, ""votes_pct"": 0.140000, ""party"": ""SWP"" }, { ""name"": ""WRITE-IN"", ""votes"": 2, ""votes_pct"": 0.030000, ""party"": ""WI"" } ]"
"66",Rice,DFL,"3.77",3.77,,"28379","[ { ""name"": ""Tim Walz and Peggy Flanagan"", ""votes"": 14252, ""votes_pct"": 50.220000, ""party"": ""DFL"" }, { ""name"": ""Scott Jensen and Matt Birk"", ""votes"": 13182, ""votes_pct"": 46.450000, ""party"": ""R"" }, { ""name"": ""James McCaskel and David Sandbeck"", ""votes"": 353, ""votes_pct"": 1.240000, ""party"": ""LMN"" }, { ""name"": ""Steve Patterson and Matt Huff"", ""votes"": 267, ""votes_pct"": 0.940000, ""party"": ""GLC"" }, { ""name"": ""Hugh McTavish and Mike Winter"", ""votes"": 195, ""votes_pct"": 0.690000, ""party"": ""IA"" }, { ""name"": ""Gabrielle M. Prosser and Kevin A. Dwire"", ""votes"": 127, ""votes_pct"": 0.450000, ""party"": ""SWP"" }, { ""name"": ""WRITE-IN"", ""votes"": 3, ""votes_pct"": 0.010000, ""party"": ""WI"" } ]"
"67",Rock,R,"41.99",-41.99,,"4139","[ { ""name"": ""Scott Jensen and Matt Birk"", ""votes"": 2877, ""votes_pct"": 69.510000, ""party"": ""R"" }, { ""name"": ""Tim Walz and Peggy Flanagan"", ""votes"": 1139, ""votes_pct"": 27.520000, ""party"": ""DFL"" }, { ""name"": ""James McCaskel and David Sandbeck"", ""votes"": 41, ""votes_pct"": 0.990000, ""party"": ""LMN"" }, { ""name"": ""Steve Patterson and Matt Huff"", ""votes"": 40, ""votes_pct"": 0.970000, ""party"": ""GLC"" }, { ""name"": ""Hugh McTavish and Mike Winter"", ""votes"": 34, ""votes_pct"": 0.820000, ""party"": ""IA"" }, { ""name"": ""Gabrielle M. Prosser and Kevin A. Dwire"", ""votes"": 7, ""votes_pct"": 0.170000, ""party"": ""SWP"" }, { ""name"": ""WRITE-IN"", ""votes"": 1, ""votes_pct"": 0.020000, ""party"": ""WI"" } ]"
"68",Roseau,R,"49.98",-49.98,,"6503","[ { ""name"": ""Scott Jensen and Matt Birk"", ""votes"": 4785, ""votes_pct"": 73.580000, ""party"": ""R"" }, { ""name"": ""Tim Walz and Peggy Flanagan"", ""votes"": 1535, ""votes_pct"": 23.600000, ""party"": ""DFL"" }, { ""name"": ""James McCaskel and David Sandbeck"", ""votes"": 70, ""votes_pct"": 1.080000, ""party"": ""LMN"" }, { ""name"": ""Hugh McTavish and Mike Winter"", ""votes"": 53, ""votes_pct"": 0.820000, ""party"": ""IA"" }, { ""name"": ""Steve Patterson and Matt Huff"", ""votes"": 51, ""votes_pct"": 0.780000, ""party"": ""GLC"" }, { ""name"": ""Gabrielle M. Prosser and Kevin A. Dwire"", ""votes"": 9, ""votes_pct"": 0.140000, ""party"": ""SWP"" }, { ""name"": ""WRITE-IN"", ""votes"": 0, ""votes_pct"": 0, ""party"": ""WI"" } ]"
"69",Saint Louis,DFL,"19.56",19.56,,"92937","[ { ""name"": ""Tim Walz and Peggy Flanagan"", ""votes"": 53550, ""votes_pct"": 57.620000, ""party"": ""DFL"" }, { ""name"": ""Scott Jensen and Matt Birk"", ""votes"": 35375, ""votes_pct"": 38.060000, ""party"": ""R"" }, { ""name"": ""James McCaskel and David Sandbeck"", ""votes"": 1705, ""votes_pct"": 1.830000, ""party"": ""LMN"" }, { ""name"": ""Steve Patterson and Matt Huff"", ""votes"": 1165, ""votes_pct"": 1.250000, ""party"": ""GLC"" }, { ""name"": ""Hugh McTavish and Mike Winter"", ""votes"": 769, ""votes_pct"": 0.830000, ""party"": ""IA"" }, { ""name"": ""Gabrielle M. Prosser and Kevin A. Dwire"", ""votes"": 334, ""votes_pct"": 0.360000, ""party"": ""SWP"" }, { ""name"": ""WRITE-IN"", ""votes"": 39, ""votes_pct"": 0.040000, ""party"": ""WI"" } ]"
"70",Scott,R,"6.51",-6.51,,"67935","[ { ""name"": ""Scott Jensen and Matt Birk"", ""votes"": 35278, ""votes_pct"": 51.930000, ""party"": ""R"" }, { ""name"": ""Tim Walz and Peggy Flanagan"", ""votes"": 30856, ""votes_pct"": 45.420000, ""party"": ""DFL"" }, { ""name"": ""James McCaskel and David Sandbeck"", ""votes"": 716, ""votes_pct"": 1.050000, ""party"": ""LMN"" }, { ""name"": ""Steve Patterson and Matt Huff"", ""votes"": 485, ""votes_pct"": 0.710000, ""party"": ""GLC"" }, { ""name"": ""Hugh McTavish and Mike Winter"", ""votes"": 446, ""votes_pct"": 0.660000, ""party"": ""IA"" }, { ""name"": ""Gabrielle M. Prosser and Kevin A. Dwire"", ""votes"": 124, ""votes_pct"": 0.180000, ""party"": ""SWP"" }, { ""name"": ""WRITE-IN"", ""votes"": 30, ""votes_pct"": 0.040000, ""party"": ""WI"" } ]"
"71",Sherburne,R,"30.80",-30.8,,"41621","[ { ""name"": ""Scott Jensen and Matt Birk"", ""votes"": 26517, ""votes_pct"": 63.710000, ""party"": ""R"" }, { ""name"": ""Tim Walz and Peggy Flanagan"", ""votes"": 13697, ""votes_pct"": 32.910000, ""party"": ""DFL"" }, { ""name"": ""James McCaskel and David Sandbeck"", ""votes"": 537, ""votes_pct"": 1.290000, ""party"": ""LMN"" }, { ""name"": ""Steve Patterson and Matt Huff"", ""votes"": 443, ""votes_pct"": 1.060000, ""party"": ""GLC"" }, { ""name"": ""Hugh McTavish and Mike Winter"", ""votes"": 345, ""votes_pct"": 0.830000, ""party"": ""IA"" }, { ""name"": ""Gabrielle M. Prosser and Kevin A. Dwire"", ""votes"": 74, ""votes_pct"": 0.180000, ""party"": ""SWP"" }, { ""name"": ""WRITE-IN"", ""votes"": 8, ""votes_pct"": 0.020000, ""party"": ""WI"" } ]"
"72",Sibley,R,"39.49",-39.49,,"6617","[ { ""name"": ""Scott Jensen and Matt Birk"", ""votes"": 4518, ""votes_pct"": 68.280000, ""party"": ""R"" }, { ""name"": ""Tim Walz and Peggy Flanagan"", ""votes"": 1905, ""votes_pct"": 28.790000, ""party"": ""DFL"" }, { ""name"": ""James McCaskel and David Sandbeck"", ""votes"": 73, ""votes_pct"": 1.100000, ""party"": ""LMN"" }, { ""name"": ""Steve Patterson and Matt Huff"", ""votes"": 54, ""votes_pct"": 0.820000, ""party"": ""GLC"" }, { ""name"": ""Hugh McTavish and Mike Winter"", ""votes"": 51, ""votes_pct"": 0.770000, ""party"": ""IA"" }, { ""name"": ""Gabrielle M. Prosser and Kevin A. Dwire"", ""votes"": 14, ""votes_pct"": 0.210000, ""party"": ""SWP"" }, { ""name"": ""WRITE-IN"", ""votes"": 2, ""votes_pct"": 0.030000, ""party"": ""WI"" } ]"
"73",Stearns,R,"22.92",-22.92,,"65485","[ { ""name"": ""Scott Jensen and Matt Birk"", ""votes"": 39170, ""votes_pct"": 59.820000, ""party"": ""R"" }, { ""name"": ""Tim Walz and Peggy Flanagan"", ""votes"": 24163, ""votes_pct"": 36.900000, ""party"": ""DFL"" }, { ""name"": ""James McCaskel and David Sandbeck"", ""votes"": 767, ""votes_pct"": 1.170000, ""party"": ""LMN"" }, { ""name"": ""Steve Patterson and Matt Huff"", ""votes"": 665, ""votes_pct"": 1.020000, ""party"": ""GLC"" }, { ""name"": ""Hugh McTavish and Mike Winter"", ""votes"": 542, ""votes_pct"": 0.830000, ""party"": ""IA"" }, { ""name"": ""Gabrielle M. Prosser and Kevin A. Dwire"", ""votes"": 151, ""votes_pct"": 0.230000, ""party"": ""SWP"" }, { ""name"": ""WRITE-IN"", ""votes"": 27, ""votes_pct"": 0.040000, ""party"": ""WI"" } ]"
"74",Steele,R,"18.06",-18.06,,"16540","[ { ""name"": ""Scott Jensen and Matt Birk"", ""votes"": 9485, ""votes_pct"": 57.350000, ""party"": ""R"" }, { ""name"": ""Tim Walz and Peggy Flanagan"", ""votes"": 6499, ""votes_pct"": 39.290000, ""party"": ""DFL"" }, { ""name"": ""James McCaskel and David Sandbeck"", ""votes"": 208, ""votes_pct"": 1.260000, ""party"": ""LMN"" }, { ""name"": ""Steve Patterson and Matt Huff"", ""votes"": 176, ""votes_pct"": 1.060000, ""party"": ""GLC"" }, { ""name"": ""Hugh McTavish and Mike Winter"", ""votes"": 133, ""votes_pct"": 0.800000, ""party"": ""IA"" }, { ""name"": ""Gabrielle M. Prosser and Kevin A. Dwire"", ""votes"": 34, ""votes_pct"": 0.210000, ""party"": ""SWP"" }, { ""name"": ""WRITE-IN"", ""votes"": 5, ""votes_pct"": 0.030000, ""party"": ""WI"" } ]"
"75",Stevens,R,"23.48",-23.48,,"4033","[ { ""name"": ""Scott Jensen and Matt Birk"", ""votes"": 2437, ""votes_pct"": 60.430000, ""party"": ""R"" }, { ""name"": ""Tim Walz and Peggy Flanagan"", ""votes"": 1490, ""votes_pct"": 36.950000, ""party"": ""DFL"" }, { ""name"": ""James McCaskel and David Sandbeck"", ""votes"": 36, ""votes_pct"": 0.890000, ""party"": ""LMN"" }, { ""name"": ""Steve Patterson and Matt Huff"", ""votes"": 28, ""votes_pct"": 0.690000, ""party"": ""GLC"" }, { ""name"": ""Hugh McTavish and Mike Winter"", ""votes"": 28, ""votes_pct"": 0.690000, ""party"": ""IA"" }, { ""name"": ""Gabrielle M. Prosser and Kevin A. Dwire"", ""votes"": 12, ""votes_pct"": 0.300000, ""party"": ""SWP"" }, { ""name"": ""WRITE-IN"", ""votes"": 2, ""votes_pct"": 0.050000, ""party"": ""WI"" } ]"
"76",Swift,R,"26.04",-26.04,,"3917","[ { ""name"": ""Scott Jensen and Matt Birk"", ""votes"": 2409, ""votes_pct"": 61.500000, ""party"": ""R"" }, { ""name"": ""Tim Walz and Peggy Flanagan"", ""votes"": 1389, ""votes_pct"": 35.460000, ""party"": ""DFL"" }, { ""name"": ""James McCaskel and David Sandbeck"", ""votes"": 45, ""votes_pct"": 1.150000, ""party"": ""LMN"" }, { ""name"": ""Steve Patterson and Matt Huff"", ""votes"": 33, ""votes_pct"": 0.840000, ""party"": ""GLC"" }, { ""name"": ""Hugh McTavish and Mike Winter"", ""votes"": 28, ""votes_pct"": 0.710000, ""party"": ""IA"" }, { ""name"": ""Gabrielle M. Prosser and Kevin A. Dwire"", ""votes"": 8, ""votes_pct"": 0.200000, ""party"": ""SWP"" }, { ""name"": ""WRITE-IN"", ""votes"": 5, ""votes_pct"": 0.130000, ""party"": ""WI"" } ]"
"77",Todd,R,"47.26",-47.26,,"10859","[ { ""name"": ""Scott Jensen and Matt Birk"", ""votes"": 7780, ""votes_pct"": 71.650000, ""party"": ""R"" }, { ""name"": ""Tim Walz and Peggy Flanagan"", ""votes"": 2649, ""votes_pct"": 24.390000, ""party"": ""DFL"" }, { ""name"": ""James McCaskel and David Sandbeck"", ""votes"": 161, ""votes_pct"": 1.480000, ""party"": ""LMN"" }, { ""name"": ""Steve Patterson and Matt Huff"", ""votes"": 120, ""votes_pct"": 1.110000, ""party"": ""GLC"" }, { ""name"": ""Hugh McTavish and Mike Winter"", ""votes"": 117, ""votes_pct"": 1.080000, ""party"": ""IA"" }, { ""name"": ""Gabrielle M. Prosser and Kevin A. Dwire"", ""votes"": 30, ""votes_pct"": 0.280000, ""party"": ""SWP"" }, { ""name"": ""WRITE-IN"", ""votes"": 2, ""votes_pct"": 0.020000, ""party"": ""WI"" } ]"
"78",Traverse,R,"29.00",-29,,"1548","[ { ""name"": ""Scott Jensen and Matt Birk"", ""votes"": 968, ""votes_pct"": 62.530000, ""party"": ""R"" }, { ""name"": ""Tim Walz and Peggy Flanagan"", ""votes"": 519, ""votes_pct"": 33.530000, ""party"": ""DFL"" }, { ""name"": ""James McCaskel and David Sandbeck"", ""votes"": 24, ""votes_pct"": 1.550000, ""party"": ""LMN"" }, { ""name"": ""Steve Patterson and Matt Huff"", ""votes"": 17, ""votes_pct"": 1.100000, ""party"": ""GLC"" }, { ""name"": ""Hugh McTavish and Mike Winter"", ""votes"": 17, ""votes_pct"": 1.100000, ""party"": ""IA"" }, { ""name"": ""Gabrielle M. Prosser and Kevin A. Dwire"", ""votes"": 2, ""votes_pct"": 0.130000, ""party"": ""SWP"" }, { ""name"": ""WRITE-IN"", ""votes"": 1, ""votes_pct"": 0.060000, ""party"": ""WI"" } ]"
"79",Wabasha,R,"21.86",-21.86,,"10731","[ { ""name"": ""Scott Jensen and Matt Birk"", ""votes"": 6366, ""votes_pct"": 59.320000, ""party"": ""R"" }, { ""name"": ""Tim Walz and Peggy Flanagan"", ""votes"": 4020, ""votes_pct"": 37.460000, ""party"": ""DFL"" }, { ""name"": ""James McCaskel and David Sandbeck"", ""votes"": 119, ""votes_pct"": 1.110000, ""party"": ""LMN"" }, { ""name"": ""Hugh McTavish and Mike Winter"", ""votes"": 103, ""votes_pct"": 0.960000, ""party"": ""IA"" }, { ""name"": ""Steve Patterson and Matt Huff"", ""votes"": 96, ""votes_pct"": 0.890000, ""party"": ""GLC"" }, { ""name"": ""Gabrielle M. Prosser and Kevin A. Dwire"", ""votes"": 26, ""votes_pct"": 0.240000, ""party"": ""SWP"" }, { ""name"": ""WRITE-IN"", ""votes"": 1, ""votes_pct"": 0.010000, ""party"": ""WI"" } ]"
"80",Wadena,R,"45.95",-45.95,,"5983","[ { ""name"": ""Scott Jensen and Matt Birk"", ""votes"": 4260, ""votes_pct"": 71.200000, ""party"": ""R"" }, { ""name"": ""Tim Walz and Peggy Flanagan"", ""votes"": 1511, ""votes_pct"": 25.250000, ""party"": ""DFL"" }, { ""name"": ""James McCaskel and David Sandbeck"", ""votes"": 83, ""votes_pct"": 1.390000, ""party"": ""LMN"" }, { ""name"": ""Steve Patterson and Matt Huff"", ""votes"": 67, ""votes_pct"": 1.120000, ""party"": ""GLC"" }, { ""name"": ""Hugh McTavish and Mike Winter"", ""votes"": 52, ""votes_pct"": 0.870000, ""party"": ""IA"" }, { ""name"": ""Gabrielle M. Prosser and Kevin A. Dwire"", ""votes"": 10, ""votes_pct"": 0.170000, ""party"": ""SWP"" }, { ""name"": ""WRITE-IN"", ""votes"": 0, ""votes_pct"": 0, ""party"": ""WI"" } ]"
"81",Waseca,R,"28.26",-28.26,,"8390","[ { ""name"": ""Scott Jensen and Matt Birk"", ""votes"": 5216, ""votes_pct"": 62.170000, ""party"": ""R"" }, { ""name"": ""Tim Walz and Peggy Flanagan"", ""votes"": 2845, ""votes_pct"": 33.910000, ""party"": ""DFL"" }, { ""name"": ""James McCaskel and David Sandbeck"", ""votes"": 118, ""votes_pct"": 1.410000, ""party"": ""LMN"" }, { ""name"": ""Steve Patterson and Matt Huff"", ""votes"": 94, ""votes_pct"": 1.120000, ""party"": ""GLC"" }, { ""name"": ""Hugh McTavish and Mike Winter"", ""votes"": 94, ""votes_pct"": 1.120000, ""party"": ""IA"" }, { ""name"": ""Gabrielle M. Prosser and Kevin A. Dwire"", ""votes"": 21, ""votes_pct"": 0.250000, ""party"": ""SWP"" }, { ""name"": ""WRITE-IN"", ""votes"": 2, ""votes_pct"": 0.020000, ""party"": ""WI"" } ]"
"82",Washington,DFL,"10.97",10.97,,"130715","[ { ""name"": ""Tim Walz and Peggy Flanagan"", ""votes"": 70814, ""votes_pct"": 54.170000, ""party"": ""DFL"" }, { ""name"": ""Scott Jensen and Matt Birk"", ""votes"": 56472, ""votes_pct"": 43.200000, ""party"": ""R"" }, { ""name"": ""James McCaskel and David Sandbeck"", ""votes"": 1212, ""votes_pct"": 0.930000, ""party"": ""LMN"" }, { ""name"": ""Steve Patterson and Matt Huff"", ""votes"": 1019, ""votes_pct"": 0.780000, ""party"": ""GLC"" }, { ""name"": ""Hugh McTavish and Mike Winter"", ""votes"": 890, ""votes_pct"": 0.680000, ""party"": ""IA"" }, { ""name"": ""Gabrielle M. Prosser and Kevin A. Dwire"", ""votes"": 254, ""votes_pct"": 0.190000, ""party"": ""SWP"" }, { ""name"": ""WRITE-IN"", ""votes"": 54, ""votes_pct"": 0.040000, ""party"": ""WI"" } ]"
"83",Watonwan,R,"22.75",-22.75,,"3868","[ { ""name"": ""Scott Jensen and Matt Birk"", ""votes"": 2325, ""votes_pct"": 60.110000, ""party"": ""R"" }, { ""name"": ""Tim Walz and Peggy Flanagan"", ""votes"": 1445, ""votes_pct"": 37.360000, ""party"": ""DFL"" }, { ""name"": ""James McCaskel and David Sandbeck"", ""votes"": 41, ""votes_pct"": 1.060000, ""party"": ""LMN"" }, { ""name"": ""Steve Patterson and Matt Huff"", ""votes"": 35, ""votes_pct"": 0.900000, ""party"": ""GLC"" }, { ""name"": ""Hugh McTavish and Mike Winter"", ""votes"": 17, ""votes_pct"": 0.440000, ""party"": ""IA"" }, { ""name"": ""Gabrielle M. Prosser and Kevin A. Dwire"", ""votes"": 4, ""votes_pct"": 0.100000, ""party"": ""SWP"" }, { ""name"": ""WRITE-IN"", ""votes"": 1, ""votes_pct"": 0.030000, ""party"": ""WI"" } ]"
"84",Wilkin,R,"41.63",-41.63,,"2592","[ { ""name"": ""Scott Jensen and Matt Birk"", ""votes"": 1783, ""votes_pct"": 68.790000, ""party"": ""R"" }, { ""name"": ""Tim Walz and Peggy Flanagan"", ""votes"": 704, ""votes_pct"": 27.160000, ""party"": ""DFL"" }, { ""name"": ""James McCaskel and David Sandbeck"", ""votes"": 41, ""votes_pct"": 1.580000, ""party"": ""LMN"" }, { ""name"": ""Hugh McTavish and Mike Winter"", ""votes"": 28, ""votes_pct"": 1.080000, ""party"": ""IA"" }, { ""name"": ""Steve Patterson and Matt Huff"", ""votes"": 23, ""votes_pct"": 0.890000, ""party"": ""GLC"" }, { ""name"": ""Gabrielle M. Prosser and Kevin A. Dwire"", ""votes"": 10, ""votes_pct"": 0.390000, ""party"": ""SWP"" }, { ""name"": ""WRITE-IN"", ""votes"": 3, ""votes_pct"": 0.120000, ""party"": ""WI"" } ]"
"85",Winona,R,"0.11",-0.11,,"20450","[ { ""name"": ""Scott Jensen and Matt Birk"", ""votes"": 9913, ""votes_pct"": 48.470000, ""party"": ""R"" }, { ""name"": ""Tim Walz and Peggy Flanagan"", ""votes"": 9889, ""votes_pct"": 48.360000, ""party"": ""DFL"" }, { ""name"": ""James McCaskel and David Sandbeck"", ""votes"": 250, ""votes_pct"": 1.220000, ""party"": ""LMN"" }, { ""name"": ""Steve Patterson and Matt Huff"", ""votes"": 176, ""votes_pct"": 0.860000, ""party"": ""GLC"" }, { ""name"": ""Hugh McTavish and Mike Winter"", ""votes"": 159, ""votes_pct"": 0.780000, ""party"": ""IA"" }, { ""name"": ""Gabrielle M. Prosser and Kevin A. Dwire"", ""votes"": 62, ""votes_pct"": 0.300000, ""party"": ""SWP"" }, { ""name"": ""WRITE-IN"", ""votes"": 1, ""votes_pct"": 0, ""party"": ""WI"" } ]"
"86",Wright,R,"26.99",-26.99,,"66224","[ { ""name"": ""Scott Jensen and Matt Birk"", ""votes"": 40994, ""votes_pct"": 61.900000, ""party"": ""R"" }, { ""name"": ""Tim Walz and Peggy Flanagan"", ""votes"": 23116, ""votes_pct"": 34.910000, ""party"": ""DFL"" }, { ""name"": ""James McCaskel and David Sandbeck"", ""votes"": 729, ""votes_pct"": 1.100000, ""party"": ""LMN"" }, { ""name"": ""Steve Patterson and Matt Huff"", ""votes"": 671, ""votes_pct"": 1.010000, ""party"": ""GLC"" }, { ""name"": ""Hugh McTavish and Mike Winter"", ""votes"": 579, ""votes_pct"": 0.870000, ""party"": ""IA"" }, { ""name"": ""Gabrielle M. Prosser and Kevin A. Dwire"", ""votes"": 114, ""votes_pct"": 0.170000, ""party"": ""SWP"" }, { ""name"": ""WRITE-IN"", ""votes"": 21, ""votes_pct"": 0.030000, ""party"": ""WI"" } ]"
"87",Yellow Medicine,R,"37.14",-37.14,,"4361","[ { ""name"": ""Scott Jensen and Matt Birk"", ""votes"": 2919, ""votes_pct"": 66.930000, ""party"": ""R"" }, { ""name"": ""Tim Walz and Peggy Flanagan"", ""votes"": 1299, ""votes_pct"": 29.790000, ""party"": ""DFL"" }, { ""name"": ""James McCaskel and David Sandbeck"", ""votes"": 58, ""votes_pct"": 1.330000, ""party"": ""LMN"" }, { ""name"": ""Steve Patterson and Matt Huff"", ""votes"": 43, ""votes_pct"": 0.990000, ""party"": ""GLC"" }, { ""name"": ""Hugh McTavish and Mike Winter"", ""votes"": 38, ""votes_pct"": 0.870000, ""party"": ""IA"" }, { ""name"": ""Gabrielle M. Prosser and Kevin A. Dwire"", ""votes"": 2, ""votes_pct"": 0.050000, ""party"": ""SWP"" }, { ""name"": ""WRITE-IN"", ""votes"": 2, ""votes_pct"": 0.050000, ""party"": ""WI"" } ]"
"01",Aitkin,R,"24.66",-24.66,,"8434","[ { ""name"": ""Scott Jensen and Matt Birk"", ""votes"": 5110, ""votes_pct"": 60.590000, ""party"": ""R"" }, { ""name"": ""Tim Walz and Peggy Flanagan"", ""votes"": 3030, ""votes_pct"": 35.930000, ""party"": ""DFL"" }, { ""name"": ""James McCaskel and David Sandbeck"", ""votes"": 120, ""votes_pct"": 1.420000, ""party"": ""LMN"" }, { ""name"": ""Steve Patterson and Matt Huff"", ""votes"": 89, ""votes_pct"": 1.060000, ""party"": ""GLC"" }, { ""name"": ""Hugh McTavish and Mike Winter"", ""votes"": 66, ""votes_pct"": 0.780000, ""party"": ""IA"" }, { ""name"": ""Gabrielle M. Prosser and Kevin A. Dwire"", ""votes"": 19, ""votes_pct"": 0.230000, ""party"": ""SWP"" }, { ""name"": ""WRITE-IN"", ""votes"": 0, ""votes_pct"": 0, ""party"": ""WI"" } ]"
"02",Anoka,R,"1.33",-1.33,,"156305","[ { ""name"": ""Scott Jensen and Matt Birk"", ""votes"": 76586, ""votes_pct"": 49, ""party"": ""R"" }, { ""name"": ""Tim Walz and Peggy Flanagan"", ""votes"": 74509, ""votes_pct"": 47.670000, ""party"": ""DFL"" }, { ""name"": ""James McCaskel and David Sandbeck"", ""votes"": 1985, ""votes_pct"": 1.270000, ""party"": ""LMN"" }, { ""name"": ""Steve Patterson and Matt Huff"", ""votes"": 1599, ""votes_pct"": 1.020000, ""party"": ""GLC"" }, { ""name"": ""Hugh McTavish and Mike Winter"", ""votes"": 1188, ""votes_pct"": 0.760000, ""party"": ""IA"" }, { ""name"": ""Gabrielle M. Prosser and Kevin A. Dwire"", ""votes"": 361, ""votes_pct"": 0.230000, ""party"": ""SWP"" }, { ""name"": ""WRITE-IN"", ""votes"": 77, ""votes_pct"": 0.050000, ""party"": ""WI"" } ]"
"03",Becker,R,"32.17",-32.17,,"14740","[ { ""name"": ""Scott Jensen and Matt Birk"", ""votes"": 9480, ""votes_pct"": 64.310000, ""party"": ""R"" }, { ""name"": ""Tim Walz and Peggy Flanagan"", ""votes"": 4737, ""votes_pct"": 32.140000, ""party"": ""DFL"" }, { ""name"": ""James McCaskel and David Sandbeck"", ""votes"": 219, ""votes_pct"": 1.490000, ""party"": ""LMN"" }, { ""name"": ""Steve Patterson and Matt Huff"", ""votes"": 140, ""votes_pct"": 0.950000, ""party"": ""GLC"" }, { ""name"": ""Hugh McTavish and Mike Winter"", ""votes"": 140, ""votes_pct"": 0.950000, ""party"": ""IA"" }, { ""name"": ""Gabrielle M. Prosser and Kevin A. Dwire"", ""votes"": 21, ""votes_pct"": 0.140000, ""party"": ""SWP"" }, { ""name"": ""WRITE-IN"", ""votes"": 3, ""votes_pct"": 0.020000, ""party"": ""WI"" } ]"
"04",Beltrami,R,"6.22",-6.22,,"18085","[ { ""name"": ""Scott Jensen and Matt Birk"", ""votes"": 9248, ""votes_pct"": 51.140000, ""party"": ""R"" }, { ""name"": ""Tim Walz and Peggy Flanagan"", ""votes"": 8124, ""votes_pct"": 44.920000, ""party"": ""DFL"" }, { ""name"": ""James McCaskel and David Sandbeck"", ""votes"": 301, ""votes_pct"": 1.660000, ""party"": ""LMN"" }, { ""name"": ""Steve Patterson and Matt Huff"", ""votes"": 209, ""votes_pct"": 1.160000, ""party"": ""GLC"" }, { ""name"": ""Hugh McTavish and Mike Winter"", ""votes"": 138, ""votes_pct"": 0.760000, ""party"": ""IA"" }, { ""name"": ""Gabrielle M. Prosser and Kevin A. Dwire"", ""votes"": 58, ""votes_pct"": 0.320000, ""party"": ""SWP"" }, { ""name"": ""WRITE-IN"", ""votes"": 7, ""votes_pct"": 0.040000, ""party"": ""WI"" } ]"
"05",Benton,R,"32.05",-32.05,,"16388","[ { ""name"": ""Scott Jensen and Matt Birk"", ""votes"": 10496, ""votes_pct"": 64.050000, ""party"": ""R"" }, { ""name"": ""Tim Walz and Peggy Flanagan"", ""votes"": 5244, ""votes_pct"": 32, ""party"": ""DFL"" }, { ""name"": ""James McCaskel and David Sandbeck"", ""votes"": 245, ""votes_pct"": 1.490000, ""party"": ""LMN"" }, { ""name"": ""Steve Patterson and Matt Huff"", ""votes"": 195, ""votes_pct"": 1.190000, ""party"": ""GLC"" }, { ""name"": ""Hugh McTavish and Mike Winter"", ""votes"": 154, ""votes_pct"": 0.940000, ""party"": ""IA"" }, { ""name"": ""Gabrielle M. Prosser and Kevin A. Dwire"", ""votes"": 48, ""votes_pct"": 0.290000, ""party"": ""SWP"" }, { ""name"": ""WRITE-IN"", ""votes"": 6, ""votes_pct"": 0.040000, ""party"": ""WI"" } ]"
"06",Big Stone,R,"25.80",-25.8,,"2438","[ { ""name"": ""Scott Jensen and Matt Birk"", ""votes"": 1492, ""votes_pct"": 61.200000, ""party"": ""R"" }, { ""name"": ""Tim Walz and Peggy Flanagan"", ""votes"": 863, ""votes_pct"": 35.400000, ""party"": ""DFL"" }, { ""name"": ""James McCaskel and David Sandbeck"", ""votes"": 38, ""votes_pct"": 1.560000, ""party"": ""LMN"" }, { ""name"": ""Steve Patterson and Matt Huff"", ""votes"": 23, ""votes_pct"": 0.940000, ""party"": ""GLC"" }, { ""name"": ""Hugh McTavish and Mike Winter"", ""votes"": 17, ""votes_pct"": 0.700000, ""party"": ""IA"" }, { ""name"": ""Gabrielle M. Prosser and Kevin A. Dwire"", ""votes"": 5, ""votes_pct"": 0.210000, ""party"": ""SWP"" }, { ""name"": ""WRITE-IN"", ""votes"": 0, ""votes_pct"": 0, ""party"": ""WI"" } ]"
"07",Blue Earth,DFL,"7.08",7.08,,"26510","[ { ""name"": ""Tim Walz and Peggy Flanagan"", ""votes"": 13783, ""votes_pct"": 51.990000, ""party"": ""DFL"" }, { ""name"": ""Scott Jensen and Matt Birk"", ""votes"": 11905, ""votes_pct"": 44.910000, ""party"": ""R"" }, { ""name"": ""James McCaskel and David Sandbeck"", ""votes"": 265, ""votes_pct"": 1, ""party"": ""LMN"" }, { ""name"": ""Hugh McTavish and Mike Winter"", ""votes"": 234, ""votes_pct"": 0.880000, ""party"": ""IA"" }, { ""name"": ""Steve Patterson and Matt Huff"", ""votes"": 225, ""votes_pct"": 0.850000, ""party"": ""GLC"" }, { ""name"": ""Gabrielle M. Prosser and Kevin A. Dwire"", ""votes"": 89, ""votes_pct"": 0.340000, ""party"": ""SWP"" }, { ""name"": ""WRITE-IN"", ""votes"": 9, ""votes_pct"": 0.030000, ""party"": ""WI"" } ]"
"08",Brown,R,"30.25",-30.25,,"11651","[ { ""name"": ""Scott Jensen and Matt Birk"", ""votes"": 7440, ""votes_pct"": 63.860000, ""party"": ""R"" }, { ""name"": ""Tim Walz and Peggy Flanagan"", ""votes"": 3916, ""votes_pct"": 33.610000, ""party"": ""DFL"" }, { ""name"": ""James McCaskel and David Sandbeck"", ""votes"": 99, ""votes_pct"": 0.850000, ""party"": ""LMN"" }, { ""name"": ""Steve Patterson and Matt Huff"", ""votes"": 88, ""votes_pct"": 0.760000, ""party"": ""GLC"" }, { ""name"": ""Hugh McTavish and Mike Winter"", ""votes"": 82, ""votes_pct"": 0.700000, ""party"": ""IA"" }, { ""name"": ""Gabrielle M. Prosser and Kevin A. Dwire"", ""votes"": 19, ""votes_pct"": 0.160000, ""party"": ""SWP"" }, { ""name"": ""WRITE-IN"", ""votes"": 7, ""votes_pct"": 0.060000, ""party"": ""WI"" } ]"
"09",Carlton,DFL,"4.02",4.02,,"15896","[ { ""name"": ""Tim Walz and Peggy Flanagan"", ""votes"": 7913, ""votes_pct"": 49.780000, ""party"": ""DFL"" }, { ""name"": ""Scott Jensen and Matt Birk"", ""votes"": 7274, ""votes_pct"": 45.760000, ""party"": ""R"" }, { ""name"": ""James McCaskel and David Sandbeck"", ""votes"": 289, ""votes_pct"": 1.820000, ""party"": ""LMN"" }, { ""name"": ""Steve Patterson and Matt Huff"", ""votes"": 196, ""votes_pct"": 1.230000, ""party"": ""GLC"" }, { ""name"": ""Hugh McTavish and Mike Winter"", ""votes"": 174, ""votes_pct"": 1.090000, ""party"": ""IA"" }, { ""name"": ""Gabrielle M. Prosser and Kevin A. Dwire"", ""votes"": 38, ""votes_pct"": 0.240000, ""party"": ""SWP"" }, { ""name"": ""WRITE-IN"", ""votes"": 12, ""votes_pct"": 0.080000, ""party"": ""WI"" } ]"
